,ts_event,rtype,publisher_id,instrument_id,open,high,low,close,volume,symbol
0,2022-09-01 00:00:00+00:00,35,2,7349,259.11,260.89,255.42,259.73,7202727,MSFT
1,2022-09-02 00:00:00+00:00,35,2,7346,259.9,264.73,254.48,255.93,7883455,MSFT
2,2022-09-06 00:00:00+00:00,35,2,7343,257.79,258.76,251.94,253.25,6792107,MSFT
3,2022-09-07 00:00:00+00:00,35,2,7342,253.96,258.82,252.67,258.09,7544719,MSFT
4,2022-09-08 00:00:00+00:00,35,2,7350,257.93,260.43,254.79,259.74,7166199,MSFT
5,2022-09-09 00:00:00+00:00,35,2,7352,260.31,265.21,260.08,264.46,7899572,MSFT
6,2022-09-12 00:00:00+00:00,35,2,7354,265.26,267.45,264.46,267.09,6369504,MSFT
7,2022-09-13 00:00:00+00:00,35,2,7352,268.21,269.62,251.55,253.35,13018377,MSFT
8,2022-09-14 00:00:00+00:00,35,2,7351,253.97,254.97,249.87,252.85,8003383,MSFT
9,2022-09-15 00:00:00+00:00,35,2,7352,253.03,253.3,243.38,243.5,10094622,MSFT
10,2022-09-16 00:00:00+00:00,35,2,7353,243.03,245.6,242.07,245.6,18176595,MSFT
11,2022-09-19 00:00:00+00:00,35,2,7345,243.14,245.47,240.85,245.47,7397549,MSFT
12,2022-09-20 00:00:00+00:00,35,2,7348,244.51,244.83,239.64,242.45,7643468,MSFT
13,2022-09-21 00:00:00+00:00,35,2,7346,242.62,247.64,237.15,237.26,8263623,MSFT
14,2022-09-22 00:00:00+00:00,35,2,7348,238.76,243.85,237.52,241.28,8427835,MSFT
15,2022-09-23 00:00:00+00:00,35,2,7348,239.79,241.13,235.205,237.8,8476348,MSFT
16,2022-09-26 00:00:00+00:00,35,2,7348,237.74,241.45,235.67,237.86,8718341,MSFT
17,2022-09-27 00:00:00+00:00,35,2,7347,240.24,241.79,234.51,236.32,8040831,MSFT
18,2022-09-28 00:00:00+00:00,35,2,7349,234.31,242.33,232.7,240.7,9810889,MSFT
19,2022-09-29 00:00:00+00:00,35,2,7354,238.0,240.0,234.4,240.0,8702777,MSFT
20,2022-09-30 00:00:00+00:00,35,2,7358,240.35,240.62,232.76,233.7,14509512,MSFT
21,2022-10-03 00:00:00+00:00,35,2,7352,232.8,241.88,232.0,241.85,10754624,MSFT
22,2022-10-04 00:00:00+00:00,35,2,7349,244.5,250.36,244.0,248.2,10505070,MSFT
23,2022-10-05 00:00:00+00:00,35,2,7347,247.32,250.58,244.11,249.8,5924573,MSFT
24,2022-10-06 00:00:00+00:00,35,2,7342,249.2,250.34,245.19,246.0,7215254,MSFT
25,2022-10-07 00:00:00+00:00,35,2,7337,245.53,246.39,233.17,233.88,12478205,MSFT
26,2022-10-10 00:00:00+00:00,35,2,7334,233.96,234.52,226.75,230.2,8527563,MSFT
27,2022-10-11 00:00:00+00:00,35,2,7335,228.07,229.45,224.11,225.5,8890812,MSFT
28,2022-10-12 00:00:00+00:00,35,2,7335,226.3,227.87,223.96,226.35,6247401,MSFT
29,2022-10-13 00:00:00+00:00,35,2,7337,225.75,236.09,218.98,233.5,13037325,MSFT
30,2022-10-14 00:00:00+00:00,35,2,7336,234.24,237.24,227.8,227.95,11292148,MSFT
31,2022-10-17 00:00:00+00:00,35,2,7330,231.54,240.0,230.74,240.0,10311566,MSFT
32,2022-10-18 00:00:00+00:00,35,2,7328,241.74,244.23,235.37,241.7,8189618,MSFT
33,2022-10-19 00:00:00+00:00,35,2,7328,239.44,240.35,234.29,234.3,5780411,MSFT
34,2022-10-20 00:00:00+00:00,35,2,7324,234.4,241.31,233.25,235.0,7177874,MSFT
35,2022-10-21 00:00:00+00:00,35,2,7321,234.3,242.9,233.3,242.42,10988805,MSFT
36,2022-10-24 00:00:00+00:00,35,2,7317,242.28,247.82,241.14,247.65,7728837,MSFT
37,2022-10-25 00:00:00+00:00,35,2,7305,247.25,252.7,230.34,233.85,10337332,MSFT
38,2022-10-26 00:00:00+00:00,35,2,7304,235.42,238.29,230.06,232.4,19998454,MSFT
39,2022-10-27 00:00:00+00:00,35,2,7299,232.33,233.69,220.39,224.7,11148307,MSFT
40,2022-10-28 00:00:00+00:00,35,2,7296,224.02,236.6,223.22,235.59,12512602,MSFT
41,2022-10-31 00:00:00+00:00,35,2,7291,234.79,234.92,231.15,232.7,10180445,MSFT
42,2022-11-01 00:00:00+00:00,35,2,7285,234.0,235.74,227.14,227.8,8233477,MSFT
43,2022-11-02 00:00:00+00:00,35,2,7283,228.17,231.28,219.78,220.0,11964957,MSFT
44,2022-11-03 00:00:00+00:00,35,2,7286,220.5,221.18,213.33,213.8,9812133,MSFT
45,2022-11-04 00:00:00+00:00,35,2,7283,214.97,221.7,212.01,220.92,11086912,MSFT
46,2022-11-07 00:00:00+00:00,35,2,7279,221.43,228.41,221.02,228.06,9085687,MSFT
47,2022-11-08 00:00:00+00:00,35,2,7280,227.54,231.65,225.85,229.79,7854445,MSFT
48,2022-11-09 00:00:00+00:00,35,2,7281,229.25,229.25,224.33,224.74,8690248,MSFT
49,2022-11-10 00:00:00+00:00,35,2,7285,224.97,244.12,223.99,244.0,16934921,MSFT
50,2022-11-11 00:00:00+00:00,35,2,7282,245.57,247.99,241.31,246.98,9636485,MSFT
51,2022-11-14 00:00:00+00:00,35,2,7276,246.35,246.44,239.23,242.24,10420886,MSFT
52,2022-11-15 00:00:00+00:00,35,2,7272,243.43,249.82,240.04,241.5,9682704,MSFT
53,2022-11-16 00:00:00+00:00,35,2,7270,241.62,243.8,240.2,241.92,8374005,MSFT
54,2022-11-17 00:00:00+00:00,35,2,7273,242.08,243.25,237.26,241.9,7471901,MSFT
55,2022-11-18 00:00:00+00:00,35,2,7270,241.77,244.6,239.06,241.3,8939426,MSFT
56,2022-11-21 00:00:00+00:00,35,2,7268,240.33,244.68,239.42,242.1,6670231,MSFT
57,2022-11-22 00:00:00+00:00,35,2,7269,241.92,245.3,240.7,244.75,7066180,MSFT
58,2022-11-23 00:00:00+00:00,35,2,7252,244.99,248.27,244.28,248.0,5939038,MSFT
59,2022-11-25 00:00:00+00:00,35,2,7251,248.15,248.7,246.43,247.7,3310444,MSFT
60,2022-11-28 00:00:00+00:00,35,2,7251,246.5,246.66,240.81,241.11,7221291,MSFT
61,2022-11-29 00:00:00+00:00,35,2,7245,242.83,242.91,238.22,240.1,4738216,MSFT
62,2022-11-30 00:00:00+00:00,35,2,7245,241.28,255.68,239.875,255.18,19589436,MSFT
63,2022-12-01 00:00:00+00:00,35,2,7243,254.77,256.12,250.91,254.29,9144795,MSFT
64,2022-12-02 00:00:00+00:00,35,2,7236,254.23,256.06,248.12,254.87,6810194,MSFT
65,2022-12-05 00:00:00+00:00,35,2,7236,254.71,254.71,248.05,250.37,6947339,MSFT
66,2022-12-06 00:00:00+00:00,35,2,7235,250.35,251.86,243.78,245.24,7880272,MSFT
67,2022-12-07 00:00:00+00:00,35,2,7236,245.4,246.15,242.0,244.5,7660559,MSFT
68,2022-12-08 00:00:00+00:00,35,2,7228,244.82,248.73,243.06,247.0,6411365,MSFT
69,2022-12-09 00:00:00+00:00,35,2,7224,247.63,248.95,243.5,244.98,7245547,MSFT
70,2022-12-12 00:00:00+00:00,35,2,7215,245.26,252.74,244.71,252.72,8850814,MSFT
71,2022-12-13 00:00:00+00:00,35,2,7210,252.71,265.0,252.47,257.5,13291436,MSFT
72,2022-12-14 00:00:00+00:00,35,2,7207,257.5,262.58,254.31,258.0,11202275,MSFT
73,2022-12-15 00:00:00+00:00,35,2,7194,255.34,255.41,247.34,249.22,11736664,MSFT
74,2022-12-16 00:00:00+00:00,35,2,7176,246.93,249.83,243.55,245.19,45572688,MSFT
75,2022-12-19 00:00:00+00:00,35,2,7166,246.27,246.62,238.7,241.5,9871609,MSFT
76,2022-12-20 00:00:00+00:00,35,2,7166,239.8,242.92,238.41,242.5,7351328,MSFT
77,2022-12-21 00:00:00+00:00,35,2,7160,243.0,245.62,240.12,244.5,7377695,MSFT
78,2022-12-22 00:00:00+00:00,35,2,7143,245.0,245.04,233.86,237.57,10253603,MSFT
79,2022-12-23 00:00:00+00:00,35,2,7132,237.87,240.72,233.93,238.3,5930294,MSFT
80,2022-12-27 00:00:00+00:00,35,2,7116,239.98,240.23,235.83,237.0,5736574,MSFT
81,2022-12-28 00:00:00+00:00,35,2,7107,237.08,239.72,234.17,234.8,5365440,MSFT
82,2022-12-29 00:00:00+00:00,35,2,7103,235.8,241.94,235.12,240.75,6464215,MSFT
83,2022-12-30 00:00:00+00:00,35,2,7091,238.96,240.6,236.66,239.97,7854200,MSFT
84,2023-01-03 00:00:00+00:00,35,2,7084,242.03,245.75,237.4,239.82,8429143,MSFT
85,2023-01-04 00:00:00+00:00,35,2,7081,236.29,237.95,225.96,228.59,14979948,MSFT
86,2023-01-05 00:00:00+00:00,35,2,7078,227.83,229.89,221.77,222.45,11288236,MSFT
87,2023-01-06 00:00:00+00:00,35,2,7077,222.86,225.99,219.35,225.1,13894384,MSFT
88,2023-01-09 00:00:00+00:00,35,2,7072,225.34,231.23,225.22,227.0,9150915,MSFT
89,2023-01-10 00:00:00+00:00,35,2,7077,227.53,231.3,225.72,228.9,7999975,MSFT
90,2023-01-11 00:00:00+00:00,35,2,7079,229.1,235.89,228.63,235.5,9981126,MSFT
91,2023-01-12 00:00:00+00:00,35,2,7076,235.63,239.9,231.0,238.46,8945966,MSFT
92,2023-01-13 00:00:00+00:00,35,2,7074,238.65,239.52,234.95,239.02,6318144,MSFT
93,2023-01-17 00:00:00+00:00,35,2,7062,238.92,240.91,235.61,239.27,10195280,MSFT
94,2023-01-18 00:00:00+00:00,35,2,7061,240.3,244.0,235.1,235.57,9972163,MSFT
95,2023-01-19 00:00:00+00:00,35,2,7065,235.45,235.75,230.68,232.2,9590541,MSFT
96,2023-01-20 00:00:00+00:00,35,2,7061,232.53,240.73,231.75,240.27,14560792,MSFT
97,2023-01-23 00:00:00+00:00,35,2,7058,240.47,245.165,239.62,242.4,10019704,MSFT
98,2023-01-24 00:00:00+00:00,35,2,7056,242.88,254.79,238.7,240.38,9811428,MSFT
99,2023-01-25 00:00:00+00:00,35,2,7056,239.08,243.3,230.9,241.04,13746398,MSFT
100,2023-01-26 00:00:00+00:00,35,2,7060,241.42,248.24,240.55,247.02,9654227,MSFT
101,2023-01-27 00:00:00+00:00,35,2,7057,246.99,249.82,246.28,248.11,8528392,MSFT
102,2023-01-30 00:00:00+00:00,35,2,7052,246.05,246.2,242.19,243.29,8164718,MSFT
103,2023-01-31 00:00:00+00:00,35,2,7050,241.91,247.95,240.92,247.15,10078066,MSFT
104,2023-02-01 00:00:00+00:00,35,2,7054,247.51,255.18,245.47,252.3,11254539,MSFT
105,2023-02-02 00:00:00+00:00,35,2,7052,254.16,265.17,253.49,261.59,13280469,MSFT
106,2023-02-03 00:00:00+00:00,35,2,7045,260.73,264.2,257.1,258.22,10557659,MSFT
107,2023-02-06 00:00:00+00:00,35,2,7046,256.92,258.29,254.78,257.13,6741417,MSFT
108,2023-02-07 00:00:00+00:00,35,2,7047,257.52,270.17,257.38,269.28,15003404,MSFT
109,2023-02-08 00:00:00+00:00,35,2,7047,270.28,276.76,266.21,267.5,15324916,MSFT
110,2023-02-09 00:00:00+00:00,35,2,7047,269.65,274.21,262.8,263.44,11145009,MSFT
111,2023-02-10 00:00:00+00:00,35,2,7048,263.88,264.5,258.74,264.17,8065470,MSFT
112,2023-02-13 00:00:00+00:00,35,2,7046,264.33,274.61,264.33,271.38,10950649,MSFT
113,2023-02-14 00:00:00+00:00,35,2,7044,272.12,275.02,269.28,271.61,11281812,MSFT
114,2023-02-15 00:00:00+00:00,35,2,7035,271.6,271.97,266.17,269.33,7851531,MSFT
115,2023-02-16 00:00:00+00:00,35,2,7026,269.58,270.46,260.33,260.65,10357448,MSFT
116,2023-02-17 00:00:00+00:00,35,2,7025,260.15,261.95,255.99,258.43,9878552,MSFT
117,2023-02-21 00:00:00+00:00,35,2,7020,255.62,257.19,251.59,253.0,11194229,MSFT
118,2023-02-22 00:00:00+00:00,35,2,7018,254.37,254.37,250.35,252.55,8300898,MSFT
119,2023-02-23 00:00:00+00:00,35,2,7017,252.94,256.85,250.47,254.55,8837125,MSFT
120,2023-02-24 00:00:00+00:00,35,2,7016,253.9,253.99,248.1,249.15,8378995,MSFT
121,2023-02-27 00:00:00+00:00,35,2,7004,250.0,252.86,249.39,250.2,6260077,MSFT
122,2023-02-28 00:00:00+00:00,35,2,7004,250.29,251.49,248.71,248.83,7390000,MSFT
123,2023-03-01 00:00:00+00:00,35,2,7010,250.78,252.15,245.79,247.24,9259182,MSFT
124,2023-03-02 00:00:00+00:00,35,2,7006,246.25,251.4,243.25,250.98,9049287,MSFT
125,2023-03-03 00:00:00+00:00,35,2,7003,251.31,255.61,250.72,255.5,10109260,MSFT
126,2023-03-06 00:00:00+00:00,35,2,6997,256.0,260.12,254.64,256.85,8291200,MSFT
127,2023-03-07 00:00:00+00:00,35,2,6993,257.5,258.38,253.39,254.63,7233919,MSFT
128,2023-03-08 00:00:00+00:00,35,2,6984,254.49,255.55,250.81,253.49,6017897,MSFT
129,2023-03-09 00:00:00+00:00,35,2,6986,252.6,259.55,251.11,251.66,8351101,MSFT
130,2023-03-10 00:00:00+00:00,35,2,6982,251.47,254.91,247.6,248.98,9960277,MSFT
131,2023-03-13 00:00:00+00:00,35,2,6966,252.0,257.91,245.0,255.18,11497949,MSFT
132,2023-03-14 00:00:00+00:00,35,2,6968,255.19,262.0,251.6,260.5,12786253,MSFT
133,2023-03-15 00:00:00+00:00,35,2,6962,261.0,266.47,255.84,266.1,15293440,MSFT
134,2023-03-16 00:00:00+00:00,35,2,6955,266.97,276.58,263.28,276.4,17192021,MSFT
135,2023-03-17 00:00:00+00:00,35,2,6956,276.41,283.32,276.3,279.26,31200272,MSFT
136,2023-03-20 00:00:00+00:00,35,2,6951,279.23,281.39,269.86,272.0,13182645,MSFT
137,2023-03-21 00:00:00+00:00,35,2,6948,272.5,275.36,269.52,273.01,11233301,MSFT
138,2023-03-22 00:00:00+00:00,35,2,6951,273.08,281.04,271.21,272.8,10417591,MSFT
139,2023-03-23 00:00:00+00:00,35,2,6953,274.99,281.06,274.42,277.2,10819778,MSFT
140,2023-03-24 00:00:00+00:00,35,2,6947,278.89,281.0,274.85,280.92,8788404,MSFT
141,2023-03-27 00:00:00+00:00,35,2,6944,280.94,281.88,275.52,276.55,8149746,MSFT
142,2023-03-28 00:00:00+00:00,35,2,6943,275.5,276.38,272.04,276.1,6775438,MSFT
143,2023-03-29 00:00:00+00:00,35,2,6945,276.98,281.49,276.72,280.88,9293749,MSFT
144,2023-03-30 00:00:00+00:00,35,2,6949,281.12,284.72,281.0,284.24,7348538,MSFT
145,2023-03-31 00:00:00+00:00,35,2,6929,284.1,288.81,283.0,288.54,12421133,MSFT
146,2023-04-03 00:00:00+00:00,35,2,6931,286.56,288.27,283.95,286.75,7352781,MSFT
147,2023-04-04 00:00:00+00:00,35,2,6931,286.64,290.46,285.68,287.87,7633993,MSFT
148,2023-04-05 00:00:00+00:00,35,2,6928,287.55,287.64,282.95,284.17,6411387,MSFT
149,2023-04-06 00:00:00+00:00,35,2,6925,284.48,292.08,281.01,291.6,9193494,MSFT
150,2023-04-10 00:00:00+00:00,35,2,6922,291.47,291.85,284.74,288.71,5799548,MSFT
151,2023-04-11 00:00:00+00:00,35,2,6922,288.75,289.39,281.64,282.94,7838250,MSFT
152,2023-04-12 00:00:00+00:00,35,2,6923,282.3,287.27,281.95,282.67,7914132,MSFT
153,2023-04-13 00:00:00+00:00,35,2,6920,283.49,290.36,282.41,289.71,7690913,MSFT
154,2023-04-14 00:00:00+00:00,35,2,6917,289.9,290.09,283.7,286.65,6169941,MSFT
155,2023-04-17 00:00:00+00:00,35,2,6909,287.38,292.5,286.2,288.17,6304086,MSFT
156,2023-04-18 00:00:00+00:00,35,2,6911,288.68,292.78,287.02,287.9,6443398,MSFT
157,2023-04-19 00:00:00+00:00,35,2,6911,287.38,289.05,284.55,287.27,4873185,MSFT
158,2023-04-20 00:00:00+00:00,35,2,6914,286.35,289.03,284.54,285.94,6871213,MSFT
159,2023-04-21 00:00:00+00:00,35,2,6914,285.94,286.74,283.06,285.34,7370675,MSFT
160,2023-04-24 00:00:00+00:00,35,2,6912,284.75,285.72,278.73,281.16,7868816,MSFT
161,2023-04-25 00:00:00+00:00,35,2,6904,280.3,301.99,275.19,298.68,13010580,MSFT
162,2023-04-26 00:00:00+00:00,35,2,6905,296.1,299.56,292.74,295.89,17244208,MSFT
163,2023-04-27 00:00:00+00:00,35,2,6899,296.72,305.66,294.6,304.57,13399091,MSFT
164,2023-04-28 00:00:00+00:00,35,2,6897,304.45,308.93,302.97,307.6,11214957,MSFT
165,2023-05-01 00:00:00+00:00,35,2,6897,307.2,308.6,305.13,305.45,6074158,MSFT
166,2023-05-02 00:00:00+00:00,35,2,6897,305.99,309.16,303.91,306.24,8477541,MSFT
167,2023-05-03 00:00:00+00:00,35,2,6890,306.2,308.62,303.7,304.76,6854260,MSFT
168,2023-05-04 00:00:00+00:00,35,2,6891,306.62,307.76,303.4,306.4,6050641,MSFT
169,2023-05-05 00:00:00+00:00,35,2,6886,306.22,311.96,304.28,310.62,8678945,MSFT
170,2023-05-08 00:00:00+00:00,35,2,6886,310.42,310.77,306.09,307.85,5937444,MSFT
171,2023-05-09 00:00:00+00:00,35,2,6884,307.7,310.03,306.32,307.3,5871624,MSFT
172,2023-05-10 00:00:00+00:00,35,2,6884,306.28,313.0,305.2,312.3,8608692,MSFT
173,2023-05-11 00:00:00+00:00,35,2,6888,312.34,313.18,306.26,310.0,8731697,MSFT
174,2023-05-12 00:00:00+00:00,35,2,6889,310.2,310.65,306.6,308.33,6441561,MSFT
175,2023-05-15 00:00:00+00:00,35,2,6884,309.08,309.905,307.6,309.45,5248710,MSFT
176,2023-05-16 00:00:00+00:00,35,2,6884,309.78,313.71,308.91,311.6,7729096,MSFT
177,2023-05-17 00:00:00+00:00,35,2,6885,311.63,314.43,310.74,313.95,9013497,MSFT
178,2023-05-18 00:00:00+00:00,35,2,6883,314.12,320.0,313.72,319.15,8991148,MSFT
179,2023-05-19 00:00:00+00:00,35,2,6879,319.35,319.5,316.0,317.85,8308886,MSFT
180,2023-05-22 00:00:00+00:00,35,2,6880,318.5,322.59,317.85,322.1,6347533,MSFT
181,2023-05-23 00:00:00+00:00,35,2,6882,321.93,323.29,315.11,315.95,8767658,MSFT
182,2023-05-24 00:00:00+00:00,35,2,6880,315.0,321.2,312.61,319.08,6689496,MSFT
183,2023-05-25 00:00:00+00:00,35,2,6882,318.51,326.9,318.5,323.95,12184290,MSFT
184,2023-05-26 00:00:00+00:00,35,2,6882,324.94,334.18,323.49,334.18,11530755,MSFT
185,2023-05-30 00:00:00+00:00,35,2,6882,335.62,338.27,330.54,333.0,10121528,MSFT
186,2023-05-31 00:00:00+00:00,35,2,6881,331.0,335.93,327.35,329.35,18810555,MSFT
187,2023-06-01 00:00:00+00:00,35,2,6876,328.96,333.52,324.71,333.21,7976256,MSFT
188,2023-06-02 00:00:00+00:00,35,2,6873,333.63,337.49,330.9,335.12,7275781,MSFT
189,2023-06-05 00:00:00+00:00,35,2,6872,334.99,338.55,333.0,335.48,6141315,MSFT
190,2023-06-06 00:00:00+00:00,35,2,6868,335.73,336.43,332.18,333.26,6326950,MSFT
191,2023-06-07 00:00:00+00:00,35,2,6867,332.97,334.46,322.07,322.58,12687528,MSFT
192,2023-06-08 00:00:00+00:00,35,2,6866,322.06,326.63,321.26,323.6,7840615,MSFT
193,2023-06-09 00:00:00+00:00,35,2,6849,324.0,329.99,323.19,327.2,7896147,MSFT
194,2023-06-12 00:00:00+00:00,35,2,6853,328.46,334.2,325.16,334.0,9320726,MSFT
195,2023-06-13 00:00:00+00:00,35,2,6854,335.24,336.98,330.4,333.68,7309023,MSFT
196,2023-06-14 00:00:00+00:00,35,2,6857,334.79,339.04,332.83,338.11,9119874,MSFT
197,2023-06-15 00:00:00+00:00,35,2,6855,337.37,349.95,334.58,349.0,11910627,MSFT
198,2023-06-16 00:00:00+00:00,35,2,6848,348.78,352.25,341.96,343.0,22964694,MSFT
199,2023-06-20 00:00:00+00:00,35,2,6840,341.79,343.18,335.87,338.47,8690691,MSFT
200,2023-06-21 00:00:00+00:00,35,2,6845,337.65,337.81,332.08,334.62,9504035,MSFT
201,2023-06-22 00:00:00+00:00,35,2,6845,333.1,340.5,333.01,339.71,7093224,MSFT
202,2023-06-23 00:00:00+00:00,35,2,6844,338.46,338.46,333.45,334.88,8948116,MSFT
203,2023-06-26 00:00:00+00:00,35,2,6837,334.86,336.11,328.45,329.84,7252748,MSFT
204,2023-06-27 00:00:00+00:00,35,2,6841,329.86,336.15,328.43,334.36,7871029,MSFT
205,2023-06-28 00:00:00+00:00,35,2,6846,334.57,337.98,333.81,336.41,6540314,MSFT
206,2023-06-29 00:00:00+00:00,35,2,6851,335.99,336.78,332.615,335.15,5673307,MSFT
207,2023-06-30 00:00:00+00:00,35,2,6854,335.67,342.74,335.36,340.75,11159377,MSFT
208,2023-07-03 00:00:00+00:00,35,2,6849,340.72,341.41,336.58,338.0,3888271,MSFT
209,2023-07-05 00:00:00+00:00,35,2,6846,336.71,341.65,334.75,337.85,6393861,MSFT
210,2023-07-06 00:00:00+00:00,35,2,6843,338.23,342.99,335.5,341.32,8288548,MSFT
211,2023-07-07 00:00:00+00:00,35,2,6840,340.8,343.0,337.0,337.39,7101707,MSFT
212,2023-07-10 00:00:00+00:00,35,2,6833,334.99,335.83,327.59,331.19,10453756,MSFT
213,2023-07-11 00:00:00+00:00,35,2,6830,332.48,333.2,327.0,332.58,7436403,MSFT
214,2023-07-12 00:00:00+00:00,35,2,6826,333.21,341.66,332.18,337.6,9415293,MSFT
215,2023-07-13 00:00:00+00:00,35,2,6827,339.12,343.74,338.14,342.68,6636714,MSFT
216,2023-07-14 00:00:00+00:00,35,2,6827,346.29,351.43,344.31,346.8,8077709,MSFT
217,2023-07-17 00:00:00+00:00,35,2,6824,347.1,347.88,342.19,344.89,7293477,MSFT
218,2023-07-18 00:00:00+00:00,35,2,6823,345.11,366.78,342.17,360.77,17281415,MSFT
219,2023-07-19 00:00:00+00:00,35,2,6822,361.0,362.96,352.44,353.4,9903817,MSFT
220,2023-07-20 00:00:00+00:00,35,2,6818,353.13,357.415,345.36,346.41,10648595,MSFT
221,2023-07-21 00:00:00+00:00,35,2,6815,348.34,350.6,340.86,344.8,35181557,MSFT
222,2023-07-24 00:00:00+00:00,35,2,6814,345.7,346.95,342.32,346.2,6419737,MSFT
223,2023-07-25 00:00:00+00:00,35,2,6812,346.82,354.9,335.0,338.0,11505525,MSFT
224,2023-07-26 00:00:00+00:00,35,2,6810,338.33,344.66,333.11,338.01,14517782,MSFT
225,2023-07-27 00:00:00+00:00,35,2,6808,340.15,341.33,329.04,330.15,11156731,MSFT
226,2023-07-28 00:00:00+00:00,35,2,6805,332.82,340.0,332.5,338.1,8892137,MSFT
227,2023-07-31 00:00:00+00:00,35,2,6803,338.02,338.2,333.36,336.1,8688321,MSFT
228,2023-08-01 00:00:00+00:00,35,2,6810,335.55,338.53,333.27,334.39,6164414,MSFT
229,2023-08-02 00:00:00+00:00,35,2,6807,332.61,334.45,326.2,328.4,9377713,MSFT
230,2023-08-03 00:00:00+00:00,35,2,6808,325.77,329.86,324.85,329.62,6105821,MSFT
231,2023-08-04 00:00:00+00:00,35,2,6805,329.78,335.15,327.24,327.65,7791340,MSFT
232,2023-08-07 00:00:00+00:00,35,2,6799,330.19,331.12,327.52,330.45,4753143,MSFT
233,2023-08-08 00:00:00+00:00,35,2,6800,329.8,330.22,322.99,325.65,6860245,MSFT
234,2023-08-09 00:00:00+00:00,35,2,6800,326.94,327.7,321.05,322.93,6792584,MSFT
235,2023-08-10 00:00:00+00:00,35,2,6799,324.36,328.28,321.17,323.5,5047083,MSFT
236,2023-08-11 00:00:00+00:00,35,2,6800,323.48,323.48,319.22,320.75,6174181,MSFT
237,2023-08-14 00:00:00+00:00,35,2,6796,323.29,324.68,320.11,324.68,5551032,MSFT
238,2023-08-15 00:00:00+00:00,35,2,6797,322.73,325.09,320.9,321.96,5193337,MSFT
239,2023-08-16 00:00:00+00:00,35,2,6795,322.47,324.43,319.31,319.31,6487573,MSFT
240,2023-08-17 00:00:00+00:00,35,2,6799,320.11,321.85,315.59,315.66,6850978,MSFT
241,2023-08-18 00:00:00+00:00,35,2,6797,315.94,318.38,311.56,317.0,8345797,MSFT
242,2023-08-21 00:00:00+00:00,35,2,6801,317.33,322.77,316.99,321.37,6499579,MSFT
243,2023-08-22 00:00:00+00:00,35,2,6803,323.0,326.2,321.47,322.31,5201207,MSFT
244,2023-08-23 00:00:00+00:00,35,2,6806,324.2,335.15,322.93,332.89,6457708,MSFT
245,2023-08-24 00:00:00+00:00,35,2,6797,333.01,334.7,318.28,319.62,7948296,MSFT
246,2023-08-25 00:00:00+00:00,35,2,6795,320.0,325.4,318.81,322.94,7515942,MSFT
247,2023-08-28 00:00:00+00:00,35,2,6794,322.86,326.15,321.73,323.9,4570347,MSFT
248,2023-08-29 00:00:00+00:00,35,2,6793,323.77,329.27,321.55,329.06,6892126,MSFT
249,2023-08-30 00:00:00+00:00,35,2,6794,328.99,329.83,326.44,329.09,4883575,MSFT
250,2023-08-31 00:00:00+00:00,35,2,6792,329.77,330.9,326.78,328.3,10487392,MSFT
251,2023-09-01 00:00:00+00:00,35,2,6786,328.31,332.0,326.77,328.05,5498760,MSFT
252,2023-09-05 00:00:00+00:00,35,2,6785,327.34,334.84,326.5,333.2,5840124,MSFT
253,2023-09-06 00:00:00+00:00,35,2,6784,331.98,334.45,330.18,333.16,5339069,MSFT
254,2023-09-07 00:00:00+00:00,35,2,6782,332.32,333.08,329.04,330.33,6482298,MSFT
255,2023-09-08 00:00:00+00:00,35,2,6780,331.2,336.16,329.03,334.65,5844947,MSFT
256,2023-09-11 00:00:00+00:00,35,2,6777,336.11,338.42,334.43,336.55,5659810,MSFT
257,2023-09-12 00:00:00+00:00,35,2,6782,336.73,336.91,331.48,331.94,6353571,MSFT
258,2023-09-13 00:00:00+00:00,35,2,6783,332.06,336.85,329.77,336.5,5872533,MSFT
259,2023-09-14 00:00:00+00:00,35,2,6784,336.92,340.87,336.05,340.2,7111718,MSFT
260,2023-09-15 00:00:00+00:00,35,2,6791,339.83,339.83,329.66,330.05,18529944,MSFT
261,2023-09-18 00:00:00+00:00,35,2,6796,330.47,331.31,326.36,329.29,5820626,MSFT
262,2023-09-19 00:00:00+00:00,35,2,6800,329.21,329.66,324.52,328.9,5685313,MSFT
263,2023-09-20 00:00:00+00:00,35,2,6807,328.91,330.3,320.0,320.06,6742412,MSFT
264,2023-09-21 00:00:00+00:00,35,2,6810,320.19,325.33,317.01,319.1,10963848,MSFT
265,2023-09-22 00:00:00+00:00,35,2,6813,320.87,321.8,316.12,316.81,7665671,MSFT
266,2023-09-25 00:00:00+00:00,35,2,6808,317.56,318.2,314.45,317.42,5009136,MSFT
267,2023-09-26 00:00:00+00:00,35,2,6800,315.94,316.84,310.06,312.98,8085423,MSFT
268,2023-09-27 00:00:00+00:00,35,2,6806,314.36,314.69,309.7,313.78,6008462,MSFT
269,2023-09-28 00:00:00+00:00,35,2,6817,313.09,315.48,309.45,314.0,5957889,MSFT
270,2023-09-29 00:00:00+00:00,35,2,6816,315.61,319.47,314.98,315.81,10024005,MSFT
271,2023-10-02 00:00:00+00:00,35,2,6818,318.94,322.47,315.17,321.81,6800510,MSFT
272,2023-10-03 00:00:00+00:00,35,2,6817,321.47,322.4,311.215,313.69,6954543,MSFT
273,2023-10-04 00:00:00+00:00,35,2,6818,312.03,320.08,310.89,319.68,7425793,MSFT
274,2023-10-05 00:00:00+00:00,35,2,6818,318.95,320.49,314.89,318.71,6089318,MSFT
275,2023-10-06 00:00:00+00:00,35,2,6819,319.83,329.69,314.0,329.01,9079048,MSFT
276,2023-10-09 00:00:00+00:00,35,2,6812,325.43,330.47,323.19,330.45,6100046,MSFT
277,2023-10-10 00:00:00+00:00,35,2,6809,330.33,331.68,327.69,329.35,6485555,MSFT
278,2023-10-11 00:00:00+00:00,35,2,6812,329.35,333.28,328.66,331.1,7481277,MSFT
279,2023-10-12 00:00:00+00:00,35,2,6811,330.78,333.62,328.71,331.5,6022353,MSFT
280,2023-10-13 00:00:00+00:00,35,2,6808,331.62,333.84,326.36,327.37,7688200,MSFT
281,2023-10-16 00:00:00+00:00,35,2,6797,327.4,336.0,326.75,332.64,7733447,MSFT
282,2023-10-17 00:00:00+00:00,35,2,6795,332.7,335.86,327.45,334.2,6379516,MSFT
283,2023-10-18 00:00:00+00:00,35,2,6791,332.92,335.57,328.3,330.79,6970073,MSFT
284,2023-10-19 00:00:00+00:00,35,2,6797,329.51,336.88,329.42,330.21,8342304,MSFT
285,2023-10-20 00:00:00+00:00,35,2,6795,330.21,332.88,325.47,326.84,10397302,MSFT
286,2023-10-23 00:00:00+00:00,35,2,6793,326.94,332.705,324.22,330.98,7742391,MSFT
287,2023-10-24 00:00:00+00:00,35,2,6790,331.88,351.9,327.6,343.38,8854505,MSFT
288,2023-10-25 00:00:00+00:00,35,2,6790,342.6,347.34,336.72,337.09,15196178,MSFT
289,2023-10-26 00:00:00+00:00,35,2,6793,336.5,342.07,326.55,331.75,12126949,MSFT
290,2023-10-27 00:00:00+00:00,35,2,6796,330.95,336.71,328.4,330.1,9326352,MSFT
291,2023-10-30 00:00:00+00:00,35,2,6789,332.0,339.44,331.83,337.18,6804269,MSFT
292,2023-10-31 00:00:00+00:00,35,2,6785,336.97,339.68,334.69,337.65,6510792,MSFT
293,2023-11-01 00:00:00+00:00,35,2,6784,337.65,347.41,336.4,346.96,8879815,MSFT
294,2023-11-02 00:00:00+00:00,35,2,6788,347.0,349.69,344.77,349.34,7793605,MSFT
295,2023-11-03 00:00:00+00:00,35,2,6786,349.59,354.39,347.34,352.85,7768012,MSFT
296,2023-11-06 00:00:00+00:00,35,2,6779,353.12,357.54,352.85,356.18,7852482,MSFT
297,2023-11-07 00:00:00+00:00,35,2,6778,356.66,362.47,356.66,360.0,8283149,MSFT
298,2023-11-08 00:00:00+00:00,35,2,6779,360.16,363.87,359.91,362.8,6805178,MSFT
299,2023-11-09 00:00:00+00:00,35,2,6781,362.9,364.79,359.76,359.97,7072208,MSFT
300,2023-11-10 00:00:00+00:00,35,2,6778,360.91,370.1,359.6,369.1,9089017,MSFT
301,2023-11-13 00:00:00+00:00,35,2,6772,368.99,369.93,365.9,366.8,5988549,MSFT
302,2023-11-14 00:00:00+00:00,35,2,6772,368.02,373.0,366.7,371.11,8859671,MSFT
303,2023-11-15 00:00:00+00:00,35,2,6772,372.13,373.5,367.12,370.7,8119408,MSFT
304,2023-11-16 00:00:00+00:00,35,2,6768,370.76,376.7,370.17,376.1,7858871,MSFT
305,2023-11-17 00:00:00+00:00,35,2,6765,377.25,377.82,366.55,366.77,13148501,MSFT
306,2023-11-20 00:00:00+00:00,35,2,6769,374.11,379.94,367.07,378.55,12922577,MSFT
307,2023-11-21 00:00:00+00:00,35,2,6772,378.93,379.64,370.41,371.43,7241140,MSFT
308,2023-11-22 00:00:00+00:00,35,2,6774,373.22,379.78,373.22,377.83,6775262,MSFT
309,2023-11-24 00:00:00+00:00,35,2,6771,378.1,379.39,375.14,377.41,3249371,MSFT
310,2023-11-27 00:00:00+00:00,35,2,6770,377.1,380.635,376.01,379.06,7215638,MSFT
311,2023-11-28 00:00:00+00:00,35,2,10888,378.53,383.17,377.01,382.51,6886992,MSFT
312,2023-11-29 00:00:00+00:00,35,2,10888,382.9,385.47,377.44,378.86,6830886,MSFT
313,2023-11-30 00:00:00+00:00,35,2,10888,379.5,380.98,375.47,378.88,14350521,MSFT
314,2023-12-01 00:00:00+00:00,35,2,10888,378.62,379.47,371.32,374.09,9750352,MSFT
315,2023-12-04 00:00:00+00:00,35,2,10888,373.02,373.19,362.9,370.26,10064335,MSFT
316,2023-12-05 00:00:00+00:00,35,2,10888,368.38,373.08,365.64,373.0,7249454,MSFT
317,2023-12-06 00:00:00+00:00,35,2,10888,373.49,374.99,367.89,368.74,6858038,MSFT
318,2023-12-07 00:00:00+00:00,35,2,10888,368.68,371.45,365.8,370.6,7505575,MSFT
319,2023-12-08 00:00:00+00:00,35,2,10888,370.13,374.45,368.0,373.94,6794733,MSFT
320,2023-12-11 00:00:00+00:00,35,2,10888,373.24,373.9,366.1,370.48,9602935,MSFT
321,2023-12-12 00:00:00+00:00,35,2,10888,371.7,375.2,369.67,375.19,8030733,MSFT
322,2023-12-13 00:00:00+00:00,35,2,10888,374.49,377.69,370.78,374.44,9028461,MSFT
323,2023-12-14 00:00:00+00:00,35,2,10888,375.63,375.87,364.11,366.68,13109219,MSFT
324,2023-12-15 00:00:00+00:00,35,2,10888,367.11,372.4,366.0,369.95,39894945,MSFT
325,2023-12-18 00:00:00+00:00,35,2,10888,370.24,373.0,368.3,372.24,7755341,MSFT
326,2023-12-19 00:00:00+00:00,35,2,10888,372.25,374.1,369.82,373.2,6765782,MSFT
327,2023-12-20 00:00:00+00:00,35,2,10888,373.07,376.03,370.0,371.27,9935482,MSFT
328,2023-12-21 00:00:00+00:00,35,2,10888,372.0,374.4,370.03,373.48,5462541,MSFT
329,2023-12-22 00:00:00+00:00,35,2,10888,372.6,375.25,372.03,375.0,5358985,MSFT
330,2023-12-26 00:00:00+00:00,35,2,10888,375.4,376.93,373.49,374.81,4201523,MSFT
331,2023-12-27 00:00:00+00:00,35,2,10888,374.73,375.06,372.81,374.13,5827500,MSFT
332,2023-12-28 00:00:00+00:00,35,2,10888,374.57,376.46,374.15,375.95,5254797,MSFT
333,2023-12-29 00:00:00+00:00,35,2,10888,376.23,377.16,373.47,375.81,8061413,MSFT
334,2024-01-02 00:00:00+00:00,35,2,10888,376.93,377.1,366.79,369.89,9508954,MSFT
335,2024-01-03 00:00:00+00:00,35,2,10888,369.56,373.28,367.17,370.77,7672906,MSFT
336,2024-01-04 00:00:00+00:00,35,2,10888,370.78,373.1,367.17,368.49,7637878,MSFT
337,2024-01-05 00:00:00+00:00,35,2,10888,367.9,372.06,366.5,367.75,6601968,MSFT
338,2024-01-08 00:00:00+00:00,35,2,10888,367.53,375.21,366.61,373.77,8686262,MSFT
339,2024-01-09 00:00:00+00:00,35,2,10888,374.35,376.0,371.2,375.94,7226211,MSFT
340,2024-01-10 00:00:00+00:00,35,2,10888,376.19,384.17,376.08,383.59,8002448,MSFT
341,2024-01-11 00:00:00+00:00,35,2,10888,385.29,390.66,380.38,382.4,8667638,MSFT
342,2024-01-12 00:00:00+00:00,35,2,10888,384.5,388.88,382.34,388.16,6700078,MSFT
343,2024-01-16 00:00:00+00:00,35,2,10888,388.3,394.07,387.63,390.75,8428814,MSFT
344,2024-01-17 00:00:00+00:00,35,2,10888,388.41,391.31,384.8,389.3,5482875,MSFT
345,2024-01-18 00:00:00+00:00,35,2,10888,392.47,394.89,390.11,394.87,7249268,MSFT
346,2024-01-19 00:00:00+00:00,35,2,10888,396.51,398.97,393.53,397.44,10674031,MSFT
347,2024-01-22 00:00:00+00:00,35,2,10888,400.14,400.88,393.59,396.51,8143637,MSFT
348,2024-01-23 00:00:00+00:00,35,2,10888,396.89,400.55,393.93,400.55,5163386,MSFT
349,2024-01-24 00:00:00+00:00,35,2,10888,402.5,405.63,400.46,403.0,6803724,MSFT
350,2024-01-25 00:00:00+00:00,35,2,10888,404.44,407.01,401.6,403.18,6542553,MSFT
351,2024-01-26 00:00:00+00:00,35,2,10888,402.0,406.17,401.37,404.3,5998383,MSFT
352,2024-01-29 00:00:00+00:00,35,2,10888,403.0,413.25,403.0,413.2,7673909,MSFT
353,2024-01-30 00:00:00+00:00,35,2,10888,414.04,416.63,396.11,405.55,8480506,MSFT
354,2024-01-31 00:00:00+00:00,35,2,10888,407.3,415.31,396.39,398.13,13614012,MSFT
355,2024-02-01 00:00:00+00:00,35,2,10888,400.3,407.98,399.44,407.01,8233801,MSFT
356,2024-02-02 00:00:00+00:00,35,2,10888,408.05,412.64,403.25,411.22,9098814,MSFT
357,2024-02-05 00:00:00+00:00,35,2,10888,411.22,412.3,403.99,406.15,7693087,MSFT
358,2024-02-06 00:00:00+00:00,35,2,10888,407.09,407.96,402.92,404.66,5789436,MSFT
359,2024-02-07 00:00:00+00:00,35,2,10888,405.56,414.75,404.8,414.4,6449429,MSFT
360,2024-02-08 00:00:00+00:00,35,2,10888,414.09,415.57,411.86,414.11,5093702,MSFT
361,2024-02-09 00:00:00+00:00,35,2,10888,415.58,421.17,414.6,420.68,6789686,MSFT
362,2024-02-12 00:00:00+00:00,35,2,10888,421.01,421.47,414.38,414.85,7230920,MSFT
363,2024-02-13 00:00:00+00:00,35,2,10888,414.48,414.48,403.37,407.72,8894681,MSFT
364,2024-02-14 00:00:00+00:00,35,2,10888,409.31,412.0,404.57,410.32,6936958,MSFT
365,2024-02-15 00:00:00+00:00,35,2,10888,410.62,411.45,404.29,406.2,7037846,MSFT
366,2024-02-16 00:00:00+00:00,35,2,10888,408.69,408.92,403.36,403.4,6808623,MSFT
367,2024-02-20 00:00:00+00:00,35,2,10888,402.4,404.57,398.02,401.22,7342911,MSFT
368,2024-02-21 00:00:00+00:00,35,2,10888,401.33,404.0,397.23,403.48,6844283,MSFT
369,2024-02-22 00:00:00+00:00,35,2,10888,408.08,412.81,406.21,411.48,9447142,MSFT
370,2024-02-23 00:00:00+00:00,35,2,10888,412.0,415.85,408.97,409.96,6019075,MSFT
371,2024-02-26 00:00:00+00:00,35,2,10888,410.34,412.15,406.8,407.18,6122045,MSFT
372,2024-02-27 00:00:00+00:00,35,2,10888,407.5,408.34,403.84,407.4,4884527,MSFT
373,2024-02-28 00:00:00+00:00,35,2,10888,406.83,409.3,404.48,406.15,4753573,MSFT
374,2024-02-29 00:00:00+00:00,35,2,10888,406.12,414.2,405.02,412.71,15510647,MSFT
375,2024-03-01 00:00:00+00:00,35,2,10888,414.48,415.87,410.88,414.53,5817801,MSFT
376,2024-03-04 00:00:00+00:00,35,2,10888,414.61,417.36,411.94,413.96,5950616,MSFT
377,2024-03-05 00:00:00+00:00,35,2,10888,412.66,414.25,400.63,403.33,9969199,MSFT
378,2024-03-06 00:00:00+00:00,35,2,10888,404.62,406.5,398.4,401.51,7096324,MSFT
379,2024-03-07 00:00:00+00:00,35,2,10888,401.12,409.78,400.95,407.86,6906441,MSFT
380,2024-03-08 00:00:00+00:00,35,2,10888,408.55,410.42,404.32,405.86,6931329,MSFT
381,2024-03-11 00:00:00+00:00,35,2,10888,405.29,406.48,401.27,406.06,5277934,MSFT
382,2024-03-12 00:00:00+00:00,35,2,10888,406.14,415.66,404.11,414.75,6685042,MSFT
383,2024-03-13 00:00:00+00:00,35,2,10888,415.9,418.87,411.45,417.2,6538531,MSFT
384,2024-03-14 00:00:00+00:00,35,2,10888,416.72,427.83,416.53,426.4,11006349,MSFT
385,2024-03-15 00:00:00+00:00,35,2,10888,426.56,428.97,412.8,415.48,20878036,MSFT
386,2024-03-18 00:00:00+00:00,35,2,10888,417.39,420.73,412.0,417.15,8790679,MSFT
387,2024-03-19 00:00:00+00:00,35,2,10888,416.71,421.72,414.2,420.75,7532282,MSFT
388,2024-03-20 00:00:00+00:00,35,2,10888,421.1,427.56,420.29,427.05,6033614,MSFT
389,2024-03-21 00:00:00+00:00,35,2,10888,428.79,430.82,427.15,430.0,7312059,MSFT
390,2024-03-22 00:00:00+00:00,35,2,10888,430.06,431.61,426.08,428.49,7660524,MSFT
391,2024-03-25 00:00:00+00:00,35,2,10888,426.25,427.41,421.61,423.48,6619583,MSFT
392,2024-03-26 00:00:00+00:00,35,2,10888,429.35,429.35,421.11,422.28,6510045,MSFT
393,2024-03-27 00:00:00+00:00,35,2,10888,423.0,424.46,419.01,420.95,6532647,MSFT
394,2024-03-28 00:00:00+00:00,35,2,10888,421.23,422.01,419.09,419.9,8889296,MSFT
395,2024-04-01 00:00:00+00:00,35,2,10888,423.58,427.89,422.22,424.43,5810226,MSFT
396,2024-04-02 00:00:00+00:00,35,2,10888,424.13,424.9,417.84,421.5,6622197,MSFT
397,2024-04-03 00:00:00+00:00,35,2,10888,420.33,423.26,419.06,422.47,6709418,MSFT
398,2024-04-04 00:00:00+00:00,35,2,10888,422.87,428.66,417.58,418.8,8248926,MSFT
399,2024-04-05 00:00:00+00:00,35,2,10888,419.55,426.51,418.35,425.39,5757943,MSFT
400,2024-04-08 00:00:00+00:00,35,2,10888,426.01,427.29,423.29,425.2,4656751,MSFT
401,2024-04-09 00:00:00+00:00,35,2,10888,425.7,427.74,421.62,426.25,4230629,MSFT
402,2024-04-10 00:00:00+00:00,35,2,10888,426.79,427.0,419.7,422.18,5476523,MSFT
403,2024-04-11 00:00:00+00:00,35,2,10888,424.59,429.37,422.37,428.2,5801468,MSFT
404,2024-04-12 00:00:00+00:00,35,2,10888,427.6,428.0,419.78,421.35,7001876,MSFT
405,2024-04-15 00:00:00+00:00,35,2,10888,424.28,426.8,412.51,414.27,7375193,MSFT
406,2024-04-16 00:00:00+00:00,35,2,10888,413.8,418.4,412.14,415.9,5228024,MSFT
407,2024-04-17 00:00:00+00:00,35,2,10888,415.84,418.88,410.33,411.25,4848129,MSFT
408,2024-04-18 00:00:00+00:00,35,2,10888,413.78,414.0,403.48,403.85,6332058,MSFT
409,2024-04-19 00:00:00+00:00,35,2,10888,402.0,405.48,397.0,397.0,9135189,MSFT
410,2024-04-22 00:00:00+00:00,35,2,10888,400.14,402.84,395.75,400.23,7276330,MSFT
411,2024-04-23 00:00:00+00:00,35,2,10888,402.24,408.84,402.0,408.46,5432783,MSFT
412,2024-04-24 00:00:00+00:00,35,2,10888,410.13,412.47,399.95,401.25,5652060,MSFT
413,2024-04-25 00:00:00+00:00,35,2,10888,402.74,424.0,388.05,416.5,11408880,MSFT
414,2024-04-26 00:00:00+00:00,35,2,10888,415.84,416.79,405.77,406.0,8219905,MSFT
415,2024-04-29 00:00:00+00:00,35,2,10888,408.75,408.81,399.19,402.18,6210163,MSFT
416,2024-04-30 00:00:00+00:00,35,2,10888,402.18,402.3,389.17,390.3,12082143,MSFT
417,2024-05-01 00:00:00+00:00,35,2,10888,391.06,401.72,389.5,396.0,8889369,MSFT
418,2024-05-02 00:00:00+00:00,35,2,10888,398.0,399.93,394.66,397.66,6102194,MSFT
419,2024-05-03 00:00:00+00:00,35,2,10888,399.16,407.43,398.56,407.43,6562053,MSFT
420,2024-05-06 00:00:00+00:00,35,2,10888,407.7,413.96,406.37,412.73,5008272,MSFT
421,2024-05-07 00:00:00+00:00,35,2,10888,413.47,414.94,408.94,410.15,5436794,MSFT
422,2024-05-08 00:00:00+00:00,35,2,10888,410.96,412.23,406.74,409.74,3872340,MSFT
423,2024-05-09 00:00:00+00:00,35,2,10888,409.6,413.27,409.05,412.86,3891888,MSFT
424,2024-05-10 00:00:00+00:00,35,2,10888,413.01,415.38,411.81,414.5,4731469,MSFT
425,2024-05-13 00:00:00+00:00,35,2,10888,418.11,419.43,410.82,414.21,5669989,MSFT
426,2024-05-14 00:00:00+00:00,35,2,10888,413.93,417.49,411.15,416.41,5620465,MSFT
427,2024-05-15 00:00:00+00:00,35,2,10888,415.81,423.9,415.08,423.67,7680627,MSFT
428,2024-05-16 00:00:00+00:00,35,2,10888,423.82,425.42,420.35,421.65,6510361,MSFT
429,2024-05-17 00:00:00+00:00,35,2,10888,422.01,423.29,418.02,420.2,5747654,MSFT
430,2024-05-20 00:00:00+00:00,35,2,10888,420.97,426.75,419.38,425.64,4524867,MSFT
431,2024-05-21 00:00:00+00:00,35,2,10888,425.72,432.97,424.85,430.14,6885602,MSFT
432,2024-05-22 00:00:00+00:00,35,2,10888,429.31,432.4,427.12,430.82,6037282,MSFT
433,2024-05-23 00:00:00+00:00,35,2,10888,432.79,434.68,425.43,426.49,6208913,MSFT
434,2024-05-24 00:00:00+00:00,35,2,10888,427.17,431.055,424.42,430.31,4232808,MSFT
435,2024-05-28 00:00:00+00:00,35,2,10888,430.71,431.3,426.6,429.7,6348116,MSFT
436,2024-05-29 00:00:00+00:00,35,2,10888,428.2,430.9,425.0,425.11,6230851,MSFT
437,2024-05-30 00:00:00+00:00,35,2,10888,425.07,426.0,411.0,413.79,10248558,MSFT
438,2024-05-31 00:00:00+00:00,35,2,10888,414.32,418.19,404.52,415.07,22049643,MSFT
439,2024-06-03 00:00:00+00:00,35,2,10888,416.79,417.35,408.93,414.35,5571358,MSFT
440,2024-06-04 00:00:00+00:00,35,2,10888,414.27,417.0,409.665,416.74,4931530,MSFT
441,2024-06-05 00:00:00+00:00,35,2,10888,416.69,424.08,416.29,423.52,6266784,MSFT
442,2024-06-06 00:00:00+00:00,35,2,10888,422.8,425.3,420.58,424.6,5225776,MSFT
443,2024-06-07 00:00:00+00:00,35,2,10888,424.21,426.28,423.0,423.6,4382229,MSFT
444,2024-06-10 00:00:00+00:00,35,2,10888,423.85,428.1,423.22,427.17,4580459,MSFT
445,2024-06-11 00:00:00+00:00,35,2,10888,427.56,433.8,425.02,433.5,5061510,MSFT
446,2024-06-12 00:00:00+00:00,35,2,10888,433.26,443.4,433.21,439.85,8172487,MSFT
447,2024-06-13 00:00:00+00:00,35,2,10888,441.42,443.39,437.99,440.0,6117897,MSFT
448,2024-06-14 00:00:00+00:00,35,2,10888,441.19,443.13,436.72,442.41,4728861,MSFT
449,2024-06-17 00:00:00+00:00,35,2,10888,443.1,450.93,440.74,448.16,7209944,MSFT
450,2024-06-18 00:00:00+00:00,35,2,10888,449.17,450.5,444.89,446.48,5707165,MSFT
451,2024-06-20 00:00:00+00:00,35,2,10888,447.96,449.45,441.28,446.28,7778152,MSFT
452,2024-06-21 00:00:00+00:00,35,2,10888,445.0,450.6,443.76,449.95,15530973,MSFT
453,2024-06-24 00:00:00+00:00,35,2,10888,449.65,452.74,446.41,448.31,5732119,MSFT
454,2024-06-25 00:00:00+00:00,35,2,10888,446.73,451.54,445.87,450.52,7174625,MSFT
455,2024-06-26 00:00:00+00:00,35,2,10888,452.17,453.63,447.86,451.31,5894855,MSFT
456,2024-06-27 00:00:00+00:00,35,2,10888,451.45,456.17,451.29,453.51,5922649,MSFT
457,2024-06-28 00:00:00+00:00,35,2,10888,454.08,455.37,446.4,447.45,14265116,MSFT
458,2024-07-01 00:00:00+00:00,35,2,10888,448.11,457.33,445.67,456.62,6820315,MSFT
459,2024-07-02 00:00:00+00:00,35,2,10888,456.66,459.59,453.16,459.1,5676394,MSFT
460,2024-07-03 00:00:00+00:00,35,2,10888,459.0,461.02,457.76,460.27,3965605,MSFT
461,2024-07-05 00:00:00+00:00,35,2,10888,461.87,468.35,458.97,467.47,5853810,MSFT
462,2024-07-08 00:00:00+00:00,35,2,10888,468.68,469.36,464.47,467.45,4832975,MSFT
463,2024-07-09 00:00:00+00:00,35,2,10888,467.55,467.61,458.0,460.05,5918551,MSFT
464,2024-07-10 00:00:00+00:00,35,2,10888,461.52,466.45,458.81,466.04,6328952,MSFT
465,2024-07-11 00:00:00+00:00,35,2,10888,466.03,467.77,451.55,454.7,9006427,MSFT
466,2024-07-12 00:00:00+00:00,35,2,10888,454.41,456.37,450.61,453.01,6731244,MSFT
467,2024-07-15 00:00:00+00:00,35,2,10888,454.97,457.25,451.43,454.76,5580319,MSFT
468,2024-07-16 00:00:00+00:00,35,2,10888,453.79,455.0,446.68,448.51,5591101,MSFT
469,2024-07-17 00:00:00+00:00,35,2,10888,444.72,445.61,439.18,444.43,8172788,MSFT
470,2024-07-18 00:00:00+00:00,35,2,10888,444.65,447.0,434.4,441.6,6706828,MSFT
471,2024-07-19 00:00:00+00:00,35,2,10888,431.85,441.12,425.13,436.33,8233230,MSFT
472,2024-07-22 00:00:00+00:00,35,2,10888,439.9,444.59,438.79,442.82,6507487,MSFT
473,2024-07-23 00:00:00+00:00,35,2,10888,442.64,448.355,440.9,443.62,4314233,MSFT
474,2024-07-24 00:00:00+00:00,35,2,10888,442.82,443.26,427.6,430.21,9519985,MSFT
475,2024-07-25 00:00:00+00:00,35,2,10888,428.96,430.43,417.2,418.11,9536646,MSFT
476,2024-07-26 00:00:00+00:00,35,2,10888,421.18,428.92,417.27,425.45,6820916,MSFT
477,2024-07-29 00:00:00+00:00,35,2,10888,428.4,432.15,424.7,424.91,5262356,MSFT
478,2024-07-30 00:00:00+00:00,35,2,10888,426.4,429.04,389.2,411.4,10582034,MSFT
479,2024-07-31 00:00:00+00:00,35,2,10888,412.57,423.0,406.68,419.2,14007621,MSFT
480,2024-08-01 00:00:00+00:00,35,2,10888,419.91,427.42,413.01,415.98,9196092,MSFT
481,2024-08-02 00:00:00+00:00,35,2,10888,411.7,415.0,404.34,406.56,10019091,MSFT
482,2024-08-05 00:00:00+00:00,35,2,10888,389.8,401.9,383.02,401.5,15995481,MSFT
483,2024-08-06 00:00:00+00:00,35,2,10888,401.55,405.69,396.0,398.0,9193085,MSFT
484,2024-08-07 00:00:00+00:00,35,2,10888,402.22,410.09,393.75,393.85,6528128,MSFT
485,2024-08-08 00:00:00+00:00,35,2,10888,397.85,405.88,396.43,404.8,6777968,MSFT
486,2024-08-09 00:00:00+00:00,35,2,10888,403.98,408.03,401.73,406.69,5098360,MSFT
487,2024-08-12 00:00:00+00:00,35,2,10888,407.46,409.03,404.24,406.29,4930137,MSFT
488,2024-08-13 00:00:00+00:00,35,2,10888,408.9,414.95,406.97,414.8,7433899,MSFT
489,2024-08-14 00:00:00+00:00,35,2,10888,415.28,418.24,412.43,417.08,6504178,MSFT
490,2024-08-15 00:00:00+00:00,35,2,10888,417.65,422.4,417.0,421.4,7904073,MSFT
491,2024-08-16 00:00:00+00:00,35,2,10888,422.28,423.25,417.31,417.77,6572459,MSFT
492,2024-08-19 00:00:00+00:00,35,2,10888,418.33,422.19,416.46,422.03,5334027,MSFT
493,2024-08-20 00:00:00+00:00,35,2,10888,422.99,425.85,421.02,424.54,4767618,MSFT
494,2024-08-21 00:00:00+00:00,35,2,10888,421.53,426.415,419.41,424.27,6469124,MSFT
495,2024-08-22 00:00:00+00:00,35,2,10888,424.09,426.79,414.61,416.67,6835563,MSFT
496,2024-08-23 00:00:00+00:00,35,2,10888,418.84,419.37,412.09,416.84,6206414,MSFT
497,2024-08-26 00:00:00+00:00,35,2,10888,417.5,417.56,411.36,413.15,4161489,MSFT
498,2024-08-27 00:00:00+00:00,35,2,10888,414.02,414.91,410.24,412.31,4062568,MSFT
499,2024-08-28 00:00:00+00:00,35,2,10888,413.06,415.16,405.55,408.21,5268815,MSFT
500,2024-08-29 00:00:00+00:00,35,2,10888,411.47,422.05,410.27,413.74,5847285,MSFT
501,2024-08-30 00:00:00+00:00,35,2,10888,415.3,417.6,412.14,417.14,11835351,MSFT
